Url,Title,Description,Offer minimal price,Currency,Image url 1,Image url 2,Image url 3,Image url 4,Image url 5
https://marmara-pro.ru/termo,Термопанели с клинкерной плиткой — КлинкерПрофи,"Фасадные термопанели с клинкером. Производство в Выборге, доставка по СПб и Ленобласти. От 1300 ₽/м².",1300,RUB,https://static.tildacdn.com/stor6466-3030-4162-a466-613032326463/c2c5a486a2eb09f07aa62ae439dd6247.png,https://static.tildacdn.com/stor3630-6265-4432-a530-613365613737/29fed63eafa9d4236a6110e883177849.jpg,https://static.tildacdn.com/stor6139-3232-4534-a638-373433303533/2fa395f52d5e102fff396747a08c73ba.png,,
https://marmara-pro.ru/termo/tproduct/2229245581-133022576952-termopanel-kolorado-1-32-sht,Термопанель Колорадо 1 (32 шт),"Фасадная термопанель на основе пенополистирола плотностью 25 кг/м3, с клинкерной плиткой. Размер термопанели с плиткой: 1100×600×60 мм = 0,622 м.кв. Размер плитки 245×65×6 мм. Термопанели производятся на пресс-форме и обладают значительными…",1550,RUB,https://static.tildacdn.com/stor6466-3030-4162-a466-613032326463/c2c5a486a2eb09f07aa62ae439dd6247.png,https://static.tildacdn.com/stor3630-6265-4432-a530-613365613737/29fed63eafa9d4236a6110e883177849.jpg,,,
https://marmara-pro.ru/termo/tproduct/2229245581-979993457482-termopanel-kolorado-2-32-sht,Термопанель Колорадо 2 (32 шт),"Фасадная термопанель на основе пенополистирола плотностью 25 кг/м3, с клинкерной плиткой. Размер термопанели с плиткой: 1100×600×60 мм = 0,622 м.кв. Размер плитки 245×65×6 мм. Термопанели производятся на пресс-форме и обладают значительными…",1550,RUB,https://static.tildacdn.com/stor6139-3232-4534-a638-373433303533/2fa395f52d5e102fff396747a08c73ba.png,https://static.tildacdn.com/stor3639-3231-4439-b564-353861386230/1eefcd92c919180c6c0a28e2ca28fa20.jpg,,,
https://marmara-pro.ru/termo/tproduct/2229245581-479543594102-termopanel-kolorado-3-32-sht,Термопанель Колорадо 3 (32 шт),"Фасадная термопанель на основе пенополистирола плотностью 25 кг/м3, с клинкерной плиткой. Размер термопанели с плиткой: 1100×600×60 мм = 0,622 м.кв. Размер плитки 245×65×6 мм. Термопанели производятся на пресс-форме и обладают значительными…",1550,RUB,https://static.tildacdn.com/stor3336-3037-4932-b035-306239333231/00cdaa4d69ef39581d6e63e071516d7e.png,https://static.tildacdn.com/stor6335-3363-4364-b230-373833333430/1c9e30bf7a3dbc76bb15ac09abc371d9.jpg,,,
https://marmara-pro.ru/termo/tproduct/2229245581-395566131472-termopanel-kolorado-4-32-sht,Термопанель Колорадо 4 (32 шт),"Фасадная термопанель на основе пенополистирола плотностью 25 кг/м3, с клинкерной плиткой. Размер термопанели с плиткой: 1100×600×60 мм = 0,622 м.кв. Размер плитки 245×65×6 мм. Термопанели производятся на пресс-форме и обладают значительными…",1550,RUB,https://static.tildacdn.com/stor6561-3730-4163-a637-363063363365/c9667e66b7279d73c31105b303f68d2a.png,https://static.tildacdn.com/stor3133-6634-4665-b135-396164633565/d8b2799bf5e6c20bdb79278bd7448293.jpg,,,
https://marmara-pro.ru/termo/tproduct/2229245581-936117304142-termopanel-kolorado-5-32-sht,Термопанель Колорадо 5 (32 шт),"Фасадная термопанель на основе пенополистирола плотностью 25 кг/м3, с клинкерной плиткой. Размер термопанели с плиткой: 1100×600×60 мм = 0,622 м.кв. Размер плитки 245×65×6 мм. Термопанели производятся на пресс-форме и обладают значительными…",1550,RUB,https://static.tildacdn.com/stor6561-3863-4565-b032-363236393338/2bc1fc5cc196e2c97bbb1f72fc46d764.png,https://static.tildacdn.com/stor6666-6264-4063-a164-376235653862/053c052e18f46167837108163a800efd.jpg,,,
https://marmara-pro.ru/termo/tproduct/2229245581-891182787562-termopanel-amsterdam-sheid-gladkaya,Термопанель АМСТЕРДАМ ШЕЙД гладкая,"Для условий эксплуатации с высокой влажностью воздуха и циклическими перепадами температур предназначена модель клинкерной плитки Komfort Основа термопанели не обладает влагопоглощением, что предотвращает образование грибка или плесени. Мор…",1550,RUB,https://static.tildacdn.com/stor3161-3865-4939-b165-626666333562/5671c44bc2a090789a55721f8ad6976e.png,https://static.tildacdn.com/stor3730-3264-4138-a231-663030643535/80baa12d18d7979c47f14c269652076d.jpg,,,
https://marmara-pro.ru/termo/tproduct/2229245581-484197231192-termopanel-amsterdam-2,Термопанель АМСТЕРДАМ 2,"Для условий эксплуатации с высокой влажностью воздуха и циклическими перепадами температур предназначена модель клинкерной плитки Komfort Основа термопанели не обладает влагопоглощением, что предотвращает образование грибка или плесени. Мор…",1550,RUB,https://static.tildacdn.com/stor3933-3063-4939-b336-313362646438/88bc03d381a8ee62e3c4c2dda06820eb.png,https://static.tildacdn.com/stor3233-6436-4361-b361-666661343136/196459236e9a7dfac0b4f67bd2f60b60.jpg,,,
https://marmara-pro.ru/termo/tproduct/2229245581-221219901802-termopanel-amsterdam-4,Термопанель АМСТЕРДАМ 4,"Для условий эксплуатации с высокой влажностью воздуха и циклическими перепадами температур предназначена модель клинкерной плитки Komfort Основа термопанели не обладает влагопоглощением, что предотвращает образование грибка или плесени. Мор…",1550,RUB,https://static.tildacdn.com/stor3834-3266-4064-b534-636433366166/bc2de4697c9910a371b192c234984f0e.png,https://static.tildacdn.com/stor3430-3633-4364-a436-633764316566/0d0d98ee537606784d03c0a98718b58f.jpg,,,
https://marmara-pro.ru/termo/tproduct/2229245581-968229798762-klinkernaya-plitka-fasadnaya-alarcon,Клинкерная плитка фасадная ALARCON,Размер: 245×65 мм Толщина: 7 мм Cтоимость 1 м2 - 1300 ₽,1300,RUB,https://static.tildacdn.com/stor6533-3936-4136-a265-346565636663/141f4198d9f40325ad5bbb1f941c5738.jpg,,,,
https://marmara-pro.ru/termo/tproduct/2229245581-699649897752-klinkernaya-plitka-fasadnaya-kaylos,Клинкерная плитка фасадная KAYLOS,Размер: 245×65 мм Толщина: 7 мм Cтоимость 1 м2 - 1300 ₽,1300,RUB,https://static.tildacdn.com/stor6136-3333-4231-b266-653431633531/ac7dec607ee19e21a5696f1ec492e5ec.jpg,,,,
https://marmara-pro.ru/termo/tproduct/2229245581-939423936422-klinkernaya-plitka-fasadnaya-sandia,Клинкерная плитка фасадная SANDIA,Размер: 245×65 мм Толщина: 7 мм Cтоимость 1 м2 - 1300 ₽,1300,RUB,https://static.tildacdn.com/stor3331-6138-4561-a437-626537363565/746d4b5b4664d22a98329d5a94271076.jpg,,,,
https://marmara-pro.ru/termo/tproduct/2229245581-730709481672-klinkernaya-plitka-fasadnaya-stone-grafi,Клинкерная плитка фасадная STONE (графитовый),Размер: 245×65 мм Толщина: 7 мм Cтоимость 1 м2 - 1300 ₽,1300,RUB,https://static.tildacdn.com/stor3930-6361-4235-a435-303366343464/7cfbc412ad2ff3ba836eae5d06ce96f5.jpg,,,,
https://marmara-pro.ru/termo/tproduct/2229245581-400587526422-klinkernaya-plitka-fasadnaya-stone-palev,Клинкерная плитка фасадная STONE (палевый),Размер: 245×65 мм Толщина: 7 мм Cтоимость 1 м2 - 1300 ₽,1300,RUB,https://static.tildacdn.com/stor3863-3835-4063-b165-363137346139/d00d6de995a8ba1a2fe44d7322c943be.jpg,,,,
https://marmara-pro.ru/termo/tproduct/2229245581-901775970982-klinkernaya-plitka-fasadnaya-wall-grey,Клинкерная плитка фасадная WALL GREY,Размер: 245×65 мм Толщина: 7 мм Cтоимость 1 м2 - 1300 ₽,1300,RUB,https://static.tildacdn.com/stor3764-3065-4532-b665-623830363036/78529d563daf048fe9dd093647dc66de.jpg,,,,
https://marmara-pro.ru/termo/tproduct/2229245581-604719084492-klinkernaya-plitka-fasadnaya-akita,Клинкерная плитка фасадная АКИТА,Размер: 245×65 мм Толщина: 7 мм Cтоимость 1 м2 - 1300 ₽,1300,RUB,https://static.tildacdn.com/stor3133-3264-4663-b438-353237313037/6d0fe7a31eb5434b117a1e23a12b9506.jpg,,,,
