Группа;Ключевая фраза;Тип соответствия;Ставка (₽)
Приозерский район;термопанели приозерск;Фразовое;
Приозерский район;термопанели приозерский район;Фразовое;
Приозерский район;купить термопанели приозерск;Фразовое;
Приозерский район;термопанели сосново;Фразовое;
Приозерский район;термопанели кузнечное;Фразовое;
Приозерский район;фасадные термопанели приозерск;Фразовое;
Приозерский район;термопанели для дома приозерск;Фразовое;
Приозерский район;термопанели с клинкером приозерск;Фразовое;
Приозерский район;клинкерные термопанели приозерский район;Фразовое;
Приозерский район;термопанели ленинградская область купить;Фразовое;
Приозерский район;термопанели с клинкерной плиткой;Фразовое;
Приозерский район;фасадные термопанели с клинкером;Фразовое;
Приозерский район;клинкерные термопанели купить;Фразовое;
Приозерский район;термопанели с клинкером;Фразовое;
Приозерский район;термопанели для фасада дома;Фразовое;
Приозерский район;утепление фасада термопанелями;Фразовое;
Приозерский район;термопанели пенополиуретан;Фразовое;
Приозерский район;термопанели пенополистирол;Фразовое;
Приозерский район;термопанели производитель;Фразовое;
Приозерский район;термопанели выборг;Фразовое;
Приозерский район;облицовка фасада термопанелями;Фразовое;
Приозерский район;фасадные панели с утеплителем;Фразовое;
Приозерский район;термопанели под кирпич;Фразовое;
Приозерский район;термопанели клинкерный кирпич;Фразовое;
Приозерский район;термопанели;Широкое;
Приозерский район;фасадные термопанели;Широкое;
